Hero Image,Details,Description,in en,translated,name,Excursion Link
n,y,y,y,n,A Culinary Stroll Through Boston: In Partnership With Food & Wine Magazine,https://www.hollandamerica.com/nl_NL/shore-excursions/1010066/a-culinary-stroll-through-boston-in-partnership-with-food-wine-magazine.html
n,y,y,y,n,A Walk Through Colonial Newport,https://www.hollandamerica.com/nl_NL/shore-excursions/1010067/a-walk-through-colonial-newport.html
y,y,y,n,n,ATV & Beach Adventure,https://www.hollandamerica.com/nl_NL/shore-excursions/1010059/atv-beach-adventure.html
y,y,y,n,n,"ATV, Jungle & Beach Adventure",https://www.hollandamerica.com/nl_NL/shore-excursions/1010059/atv-jungle-beach-adventure.html
n,y,y,n,y,Aan Tafel Met Vikingen,https://www.hollandamerica.com/nl_NL/shore-excursions/1010066/dine-with-the-vikings.html
n,y,y,y,n,Acadia National Park & Carriage Ride,https://www.hollandamerica.com/nl_NL/shore-excursions/1010066/acadia-national-park-carriage-ride.html
y,y,y,y,y,Acadia National Park (Toegankelijk Voor Rolstoelen),https://www.hollandamerica.com/nl_NL/shore-excursions/1010056/acadia-national-park-wheelchair-accessible.html
n,n,n,y,n,"Over ons

",https://www.hollandamerica.com/nl_NL/shore-excursions/1010063/acadia-by-sea-and-schoodic-peninsula.html
n,y,y,n,y,Akureyri En Santa's House Cadeauwinkel,https://www.hollandamerica.com/nl_NL/shore-excursions/1010061/akureyri-santa-s-house-giftshop.html
n,y,y,n,y,"Akureyri, Watervallen En Boerenland",https://www.hollandamerica.com/nl_NL/shore-excursions/1010061/akureyri-falls-farmland.html
y,y,y,n,y,All-Inclusive Excursie Naar Het Oerwoud En Strand,https://www.hollandamerica.com/nl_NL/shore-excursions/1010059/all-inclusive-jungle-beach-break.html
n,y,y,y,y,Alligators En Moerasboten,https://www.hollandamerica.com/nl_NL/shore-excursions/1010060/alligators-airboats.html
n,y,y,n,n,Amazing Secret River,https://www.hollandamerica.com/nl_NL/shore-excursions/1010059/amazing-secret-river.html
y,y,y,y,y,Amerikaanse Presidenten - Kennedy En Adams,https://www.hollandamerica.com/nl_NL/shore-excursions/1010056/american-presidents-kennedy-adams.html
n,y,y,y,y,Anne & Gilbert: De Musical,https://www.hollandamerica.com/nl_NL/shore-excursions/1010056/anne-gilbert-the-musical.html
y,y,y,n,n,Atlantis Submarine Expedition,https://www.hollandamerica.com/nl_NL/shore-excursions/1010059/atlantis-submarine-expedition.html
n,y,y,n,y,Avontuur In Akureyri: Poolvlucht Naar Grimsey,https://www.hollandamerica.com/nl_NL/shore-excursions/1010061/akureyri-adventure-polar-flight-to-grimsey.html
y,y,y,n,y,Avontuurlijke Bestemming: Las Terrazas Biosfeerreservaat Van UNESCO,https://www.hollandamerica.com/nl_NL/shore-excursions/1010059/off-the-beaten-path-las-terrazas-unesco-biosphere.html
n,y,y,y,y,"Baaien Van Fundy, Grand Pré En Wijngaard: In Samenwerking Met Food & Wine Magazine",https://www.hollandamerica.com/nl_NL/shore-excursions/1010056/bays-of-fundy-grand-pre-winery-in-partnership-with-food-wine-magazine.html
y,y,y,y,y,Baddeck En Het Alexander Graham Bell Museum,https://www.hollandamerica.com/nl_NL/shore-excursions/1010056/baddeck-the-alexander-graham-bell-museum.html
n,y,y,y,n,Baddeck On Your Own,https://www.hollandamerica.com/nl_NL/shore-excursions/1010066/baddeck-on-your-own.html
n,y,y,n,y,Baden In De Blue Lagoon,https://www.hollandamerica.com/nl_NL/shore-excursions/1010061/bathing-in-the-blue-lagoon.html
n,y,y,y,n,Bar Harbor By Land & Sea,https://www.hollandamerica.com/nl_NL/shore-excursions/1010066/bar-harbor-by-land-sea.html
n,y,y,y,y,Beste Van Saguenay,https://www.hollandamerica.com/nl_NL/shore-excursions/1010056/best-of-saguenay.html
y,y,y,y,y,Bevaar De Bras D'Or Lakes,https://www.hollandamerica.com/nl_NL/shore-excursions/1010056/sailing-on-the-bras-d-or-lakes.html
n,y,y,y,y,Bezienswaardigheden Chicoutimi City,https://www.hollandamerica.com/nl_NL/shore-excursions/1010056/chicoutimi-city-highlights.html
n,y,y,y,y,Bezienswaardigheden Saint John City,https://www.hollandamerica.com/nl_NL/shore-excursions/1010066/saint-john-city-highlights.html
n,y,y,n,y,Bezienswaardigheden Van St John En The Rooms,https://www.hollandamerica.com/nl_NL/shore-excursions/1010066/st-john-s-highlights-the-rooms.html
y,y,y,n,n,Bike & Clear Kayak Adventure,https://www.hollandamerica.com/nl_NL/shore-excursions/1010059/bike-clear-kayak-adventure.html
y,y,y,y,y,Boone Hall Plantage,https://www.hollandamerica.com/nl_NL/shore-excursions/1010056/boone-hall-plantation.html
n,y,y,y,y,Boston Bij Nacht En Kreeftendiner,https://www.hollandamerica.com/nl_NL/shore-excursions/1010066/boston-by-night-lobster-dinner.html
n,n,n,y,n,"Over ons

",https://www.hollandamerica.com/nl_NL/shore-excursions/1010056/boston-lexington-concord-with-lunch.html
n,y,y,y,y,Brunch Bij De Maple Suikerboerderij,https://www.hollandamerica.com/nl_NL/shore-excursions/1010066/brunch-at-the-maple-sugar-farm.html
y,y,y,y,n,Butterfly Conservatory & Aquarium,https://www.hollandamerica.com/nl_NL/shore-excursions/1010059/butterfly-conservatory-aquarium.html
y,y,y,y,n,Butterfly Conservatory & Aquarium (Wheelchair Accessible),https://www.hollandamerica.com/nl_NL/shore-excursions/1010059/butterfly-conservatory-aquarium-wheelchair-accessible.html
y,y,y,y,y,Cape Breton: Culturele Ontdekkingen,https://www.hollandamerica.com/nl_NL/shore-excursions/1010056/cape-breton-a-cultural-exploration.html
y,y,y,n,n,Capture Cozumel Photo Expedition,https://www.hollandamerica.com/nl_NL/shore-excursions/1010059/capture-cozumel-photo-expedition.html
y,y,y,y,n,Catamaran Sail & Snorkel,https://www.hollandamerica.com/nl_NL/shore-excursions/1010059/catamaran-sail-snorkel.html
y,y,y,n,n,Chacchoben Mayan Ruins,https://www.hollandamerica.com/nl_NL/shore-excursions/1010060/chacchoben-mayan-ruins.html
y,y,y,y,y,Charlottetown Op Eigen Gelegenheid (GPS),https://www.hollandamerica.com/nl_NL/shore-excursions/1010056/charlottetown-on-your-own-gps.html
y,y,y,n,n,Chichen Itza Mayan Ruins By Motor Coach,https://www.hollandamerica.com/nl_NL/shore-excursions/1010059/chichen-itza-mayan-ruins-by-motor-coach.html
n,n,n,y,n,"Over ons

",https://www.hollandamerica.com/nl_NL/shore-excursions/1010063/chinese-junk-tour.html
y,y,y,n,n,Clear Kayak & Beach Snorkel Adventure,https://www.hollandamerica.com/nl_NL/shore-excursions/1010060/clear-kayak-beach-snorkel-adventure.html
y,y,y,n,n,Coba Mayan Ruins,https://www.hollandamerica.com/nl_NL/shore-excursions/1010059/coba-mayan-ruins.html
y,y,y,y,y,Combinatie Peggy's Cove En Titanic,https://www.hollandamerica.com/nl_NL/shore-excursions/1010056/peggy-s-cove-titanic-combination.html
y,y,y,n,n,Costa Maya Beach Snorkel,https://www.hollandamerica.com/nl_NL/shore-excursions/1010059/costa-maya-beach-snorkel.html
y,y,y,n,n,Cozumel Certified Two-Tank Scuba Diving,https://www.hollandamerica.com/nl_NL/shore-excursions/1010060/cozumel-certified-two-tank-scuba-diving.html
y,y,y,n,n,Cozumel Country Club Golf,https://www.hollandamerica.com/nl_NL/shore-excursions/1010059/cozumel-country-club-golf.html
y,y,y,n,n,Cozumel Discover Scuba Diving,https://www.hollandamerica.com/nl_NL/shore-excursions/1010060/cozumel-discover-scuba-diving.html
y,y,y,n,n,Cozumel Highlights & Shopping,https://www.hollandamerica.com/nl_NL/shore-excursions/1010059/cozumel-highlights-shopping.html
y,y,y,n,n,Cozumel Private Touring - Full Day (Van),https://www.hollandamerica.com/nl_NL/shore-excursions/1010059/cozumel-private-touring-full-day-van.html
y,y,y,n,n,Cozumel Private Touring - Half Day (Van),https://www.hollandamerica.com/nl_NL/shore-excursions/1010059/cozumel-private-touring-half-day-van.html
y,y,y,n,n,Cozumel By Land & Sea,https://www.hollandamerica.com/nl_NL/shore-excursions/1010059/cozumel-by-land-sea.html
n,y,y,n,y,Cruise With Purpose: Cozumel Actieve Rifrestoratie,https://www.hollandamerica.com/nl_NL/shore-excursions/1010068/cruise-with-purpose-cozumel-active-reef-restoration.html
y,y,y,n,y,Culinaire Tradities Van Cuba,https://www.hollandamerica.com/nl_NL/shore-excursions/1010059/culinary-traditions-of-cuba.html
n,y,y,y,y,Culinaire Wandeling Door Portland: In Samenwerking Met Food & Wine Magazine,https://www.hollandamerica.com/nl_NL/shore-excursions/1010067/a-culinary-walk-through-portland-in-partnership-with-food-wine-magazine.html
y,y,y,y,y,Culinaire Wandeltocht Quebec City: In Samenwerking Met Food & Wine Magazine,https://www.hollandamerica.com/nl_NL/shore-excursions/1010063/quebec-city-culinary-walk-in-partnership-with-food-wine-magazine.html
y,y,y,n,y,Dagpas Voor Discover Mexico Park En Chankanaab Nationaal Park,https://www.hollandamerica.com/nl_NL/shore-excursions/1010059/discover-mexico-park-chankanaab-national-park-day-pass.html
y,y,y,y,y,De Bra's D'Or Lakes: Hart Van Het Eiland,https://www.hollandamerica.com/nl_NL/shore-excursions/1010056/the-bra-s-d-or-lakes-heart-of-the-island.html
y,y,y,y,y,De Freedom Trail Bewandelen,https://www.hollandamerica.com/nl_NL/shore-excursions/1010056/walking-the-freedom-trail.html
n,y,y,n,y,De Gouden Cirkel Is Bereikbaar Met Een Privé-Busje,https://www.hollandamerica.com/nl_NL/shore-excursions/1010061/the-golden-circle-by-private-accessible-van.html
y,y,y,n,y,De Maya-Ruïnes Van Kohunlich,https://www.hollandamerica.com/nl_NL/shore-excursions/1010059/kohunlich-mayan-ruins.html
n,y,y,n,y,De Maya-Ruïnes Van Kohunlich En Dzibanche,https://www.hollandamerica.com/nl_NL/shore-excursions/1010066/kohunlich-dzibanche-mayan-ruins.html
n,y,y,n,y,De Afgelegen Straatjes Van Isafjordur,https://www.hollandamerica.com/nl_NL/shore-excursions/1010061/the-back-streets-of-isafjordur.html
n,y,y,n,y,De Gouden Cirkel En Paardenshow,https://www.hollandamerica.com/nl_NL/shore-excursions/1010061/golden-circle-horse-show.html
y,y,y,y,y,De Hoogtepunten Van Boston Per Duck,https://www.hollandamerica.com/nl_NL/shore-excursions/1010056/boston-highlights-by-duck.html
n,y,y,y,y,"De Vogeleilanden Van Cape Breton: Papegaaiduikers, Zeehonden En Arenden",https://www.hollandamerica.com/nl_NL/shore-excursions/1010066/the-bird-islands-of-cape-breton-puffins-seals-eagles.html
y,y,y,y,y,De Ziel Van De Viool: Kitchen Party Experience,https://www.hollandamerica.com/nl_NL/shore-excursions/1010056/spirit-of-the-fiddle-kitchen-party-experience.html
n,y,y,n,n,Deep-Sea Fishing,https://www.hollandamerica.com/nl_NL/shore-excursions/1010059/deep-sea-fishing.html
y,y,y,n,n,Discover Scuba Dive & Mahahual Beach Experience,https://www.hollandamerica.com/nl_NL/shore-excursions/1010059/discover-scuba-dive-mahahual-beach-experience.html
y,y,y,y,y,Disney's Magische Koninkrijk,https://www.hollandamerica.com/nl_NL/shore-excursions/1010060/disney-s-magic-kingdom.html
n,y,y,y,y,"Dolfijnen, Zeekoeien & Alligators",https://www.hollandamerica.com/nl_NL/shore-excursions/1010060/dolphins-manatees-alligators.html
y,y,y,n,y,Ontmoeting Met Dolfijnen,https://www.hollandamerica.com/nl_NL/shore-excursions/1010059/dolphin-encounter.html
y,y,y,n,n,Dolphin Encounter All Inclusive,https://www.hollandamerica.com/nl_NL/shore-excursions/1010060/dolphin-encounter-all-inclusive.html
y,y,y,n,n,Dolphin Swim Adventure,https://www.hollandamerica.com/nl_NL/shore-excursions/1010059/dolphin-swim-adventure.html
y,y,y,n,n,Dolphin Swim All Inclusive,https://www.hollandamerica.com/nl_NL/shore-excursions/1010059/dolphin-swim-all-inclusive.html
y,y,y,y,n,Dolphin Watch & Snorkel,https://www.hollandamerica.com/nl_NL/shore-excursions/1010059/dolphin-watch-snorkel.html
y,y,y,y,y,Door Het Nationale Park Acadia Fietsen,https://www.hollandamerica.com/nl_NL/shore-excursions/1010056/bike-through-acadia-national-park.html
y,y,y,n,n,Dune Buggy & Beach Snorkel Combo,https://www.hollandamerica.com/nl_NL/shore-excursions/1010059/dune-buggy-beach-snorkel-combo.html
n,y,y,n,y,Dynjandi-Waterval En Sudureyri: Een Voorproefje Van De Westfjorden,https://www.hollandamerica.com/nl_NL/shore-excursions/1010061/dynjandi-waterfall-sudureyri-a-taste-of-the-westfjords.html
y,y,n,y,n,East Coast Art Party,https://www.hollandamerica.com/nl_NL/shore-excursions/1010063/east-coast-art-party.html
n,n,n,n,n,"Over ons

",https://www.hollandamerica.com/nl_NL/shore-excursions/1010059/easy-discover-mexico-papantla-flyers.html
y,y,y,y,y,Een Intiem Kijkje In Acadia National Park,https://www.hollandamerica.com/nl_NL/shore-excursions/1010056/an-intimate-look-at-acadia-national-park.html
y,y,y,y,y,Een Korte Impressie Van Key West,https://www.hollandamerica.com/nl_NL/shore-excursions/1010061/a-slice-of-key-west.html
n,y,y,n,y,Een Voorproefje Van Akureyri,https://www.hollandamerica.com/nl_NL/shore-excursions/1010061/a-taste-of-akureyri.html
n,y,y,n,y,Een Voorsmaakje Van IJsland,https://www.hollandamerica.com/nl_NL/shore-excursions/1010061/a-taste-of-iceland.html
n,y,y,y,n,Een Voorsmaakje Van Newfoundland,https://www.hollandamerica.com/nl_NL/shore-excursions/1010066/a-taste-of-newfoundland.html
y,y,y,y,y,Een Wandeling Door Old Sydney Town,https://www.hollandamerica.com/nl_NL/shore-excursions/1010056/a-walk-through-old-sydney-town.html
n,y,y,y,y,Een Wandeling Door Oud-Quebec,https://www.hollandamerica.com/nl_NL/shore-excursions/1010056/a-walk-through-old-quebec.html
y,y,y,y,y,Een Wandeling Door Oud-Québec En Wijnen Proeven,https://www.hollandamerica.com/nl_NL/shore-excursions/1010056/a-walk-through-old-quebec-wine-tasting.html
y,y,y,n,y,Een Wandeling Door Qaqortoq,https://www.hollandamerica.com/nl_NL/shore-excursions/1010063/a-walk-through-qaqortoq.html
n,y,y,n,y,Een Wandeling Door Red Bay: Toen En Nu,https://www.hollandamerica.com/nl_NL/shore-excursions/1010066/a-stroll-through-red-bay-then-now.html
n,y,y,y,y,Een Wandeling Door De Stad Québec En Thee In Chateau Frontenac,https://www.hollandamerica.com/nl_NL/shore-excursions/1010056/a-stroll-through-quebec-city-tea-at-the-chateau-frontenac.html
y,y,y,y,y,Een Wandeling Door Het Charleston Van George Washington,https://www.hollandamerica.com/nl_NL/shore-excursions/1010056/a-stroll-through-george-washington-s-charleston.html
y,y,y,y,y,Een Wandeling Door Het Historische Halifax,https://www.hollandamerica.com/nl_NL/shore-excursions/1010056/a-walk-through-historic-halifax.html
n,y,y,y,y,Een Wandeling Door Historisch Saint John,https://www.hollandamerica.com/nl_NL/shore-excursions/1010066/a-walk-through-historic-saint-john.html
y,y,y,y,y,Een Wandeling In Het Park,https://www.hollandamerica.com/nl_NL/shore-excursions/1010056/a-stroll-in-the-park.html
n,n,n,y,n,"Over ons

",https://www.hollandamerica.com/nl_NL/shore-excursions/1010056/a-walk-in-the-park-ocean-trail-hike.html
n,y,y,y,y,Een Wandelingetje Naar Corner Brook Stream,https://www.hollandamerica.com/nl_NL/shore-excursions/1010066/a-stroll-to-corner-brook-stream.html
y,y,y,n,y,El Canonazo Avondtour,https://www.hollandamerica.com/nl_NL/shore-excursions/1010059/el-canonazo-evening-tour.html
y,y,y,y,n,Everglades Airboat Ride,https://www.hollandamerica.com/nl_NL/shore-excursions/1010059/everglades-airboat-ride.html
y,y,y,y,n,Everglades Airboat Ride & Transfer To Ft Lauderdale Airport,https://www.hollandamerica.com/nl_NL/shore-excursions/1010059/everglades-airboat-ride-transfer-to-ft-lauderdale-airport.html
y,y,y,y,n,Everglades Airboat Ride & Transfer To Miami Airport,https://www.hollandamerica.com/nl_NL/shore-excursions/1010059/everglades-airboat-ride-transfer-to-miami-airport.html
y,y,y,y,y,"Exclusief Rondkijken In Boston Met Hop-On, Hop-Off",https://www.hollandamerica.com/nl_NL/shore-excursions/1010063/exclusive-boston-sightseeing-with-hop-on-hop-off-extension.html
y,y,y,n,n,Exploring Cozumel By Jeep & Snorkel,https://www.hollandamerica.com/nl_NL/shore-excursions/1010059/exploring-cozumel-by-jeep-snorkel.html
y,y,y,y,n,Extended Old Town Hop-On/Hop-Off Trolley,https://www.hollandamerica.com/nl_NL/shore-excursions/1010059/extended-old-town-hop-on-hop-off-trolley.html
y,y,y,y,n,Extended Old Town Hop-On/Hop-Off Trolley (Wheelchair Accessible),https://www.hollandamerica.com/nl_NL/shore-excursions/1010059/extended-old-town-hop-on-hop-off-trolley-wheelchair-accessible.html
n,n,n,y,n,"Over ons

",https://www.hollandamerica.com/nl_NL/shore-excursions/1010063/fair-isle-food-tour.html
n,y,y,y,y,Fietsavontuur Naar De Montmorency-Watervallen,https://www.hollandamerica.com/nl_NL/shore-excursions/1010056/bicycle-adventure-to-montmorency-falls.html
n,y,y,n,y,Fietsen In Bolungarvik,https://www.hollandamerica.com/nl_NL/shore-excursions/1010061/biking-in-bolungarvik.html
n,y,y,n,y,Fjorden En Bloemen,https://www.hollandamerica.com/nl_NL/shore-excursions/1010061/fjords-flowers.html
y,y,y,n,n,Fly High Zip-Line & Beach Resort,https://www.hollandamerica.com/nl_NL/shore-excursions/1010059/fly-high-zip-line-beach-resort.html
y,y,y,y,y,Fort Sumter En De Burgeroorlog In Charleston,https://www.hollandamerica.com/nl_NL/shore-excursions/1010056/fort-sumter-the-civil-war-in-charleston.html
n,y,y,y,y,Fotografietour Van De Kust In De Baai Van Fundy,https://www.hollandamerica.com/nl_NL/shore-excursions/1010066/bay-of-fundy-coastal-photography-tour.html
y,y,y,n,n,Fury Catamaran Mayan Sunset Cruise,https://www.hollandamerica.com/nl_NL/shore-excursions/1010059/fury-catamaran-mayan-sunset-cruise.html
y,y,y,n,n,Fury Catamaran Snorkel & Beach Party,https://www.hollandamerica.com/nl_NL/shore-excursions/1010060/fury-catamaran-snorkel-beach-party.html
n,y,y,y,y,Ga Terug In De Tijd: Een Victoriaanse Wandeling Door Bar Harbor,https://www.hollandamerica.com/nl_NL/shore-excursions/1010056/step-back-in-time-a-walk-through-victorian-bar-harbor.html
n,n,n,y,n,"Over ons

",https://www.hollandamerica.com/nl_NL/shore-excursions/1010067/peaks-island-lobster-bake.html
n,y,y,n,y,Gemakkelijk Reykjavik,https://www.hollandamerica.com/nl_NL/shore-excursions/1010061/easy-reykjavik.html
y,y,y,y,y,Geschiedenis En Legendes (Rolstoeltoegankelijk),https://www.hollandamerica.com/nl_NL/shore-excursions/1010059/history-legends-wheelchair-accessible.html
y,y,y,y,y,Geschiedenis Komt Tot Leven Op Het Fort Van Louisbourg,https://www.hollandamerica.com/nl_NL/shore-excursions/1010056/relive-history-at-the-fortress-of-louisbourg.html
y,y,y,n,n,Glass-Bottom Boat & Snorkel Experience,https://www.hollandamerica.com/nl_NL/shore-excursions/1010059/glass-bottom-boat-snorkel-experience.html
n,n,n,n,n,"Over ons

",https://www.hollandamerica.com/nl_NL/shore-excursions/1010061/glacier-safari-by-4-wheel-drive-ice-cave.html
n,n,n,n,n,"Over ons

",https://www.hollandamerica.com/nl_NL/shore-excursions/1010061/glacier-walk-waterfalls.html
n,y,y,y,n,Grand Mansions Of Newport,https://www.hollandamerica.com/nl_NL/shore-excursions/1010067/grand-mansions-of-newport.html
n,y,y,y,y,Gros Morne National Park,https://www.hollandamerica.com/nl_NL/shore-excursions/1010066/gros-morne-national-park.html
y,y,y,y,y,Halifax Per Paardentram,https://www.hollandamerica.com/nl_NL/shore-excursions/1010056/halifax-by-horse-drawn-trolley.html
y,y,y,n,y,Hemingway Was Hier,https://www.hollandamerica.com/nl_NL/shore-excursions/1010059/hemingway-s-hangouts-hideaways.html
n,y,y,n,y,Hesteyri En Cruise Door Gletsjerfjord,https://www.hollandamerica.com/nl_NL/shore-excursions/1010061/hesteyri-glacier-fjord-cruise.html
n,y,y,n,y,Het IJsland Van Morgen: De Eeuwenoude Vuurring,https://www.hollandamerica.com/nl_NL/shore-excursions/1010061/iceland-tomorrow-the-ancient-ring-of-fire.html
n,y,y,y,y,Het Avonturenpark SeaWorld,https://www.hollandamerica.com/nl_NL/shore-excursions/1010060/seaworld-adventure-park.html
n,y,y,y,y,Het Beste Van Cape Breton,https://www.hollandamerica.com/nl_NL/shore-excursions/1010056/the-best-of-cape-breton.html
n,n,n,y,n,"Over ons

",https://www.hollandamerica.com/nl_NL/shore-excursions/1010056/the-best-of-halifax.html
y,y,y,n,y,Het Beste Van Havana,https://www.hollandamerica.com/nl_NL/shore-excursions/1010059/the-best-of-havana.html
y,y,y,y,y,Het Beste Van Prins Edwardeiland,https://www.hollandamerica.com/nl_NL/shore-excursions/1010056/best-of-prince-edward-island.html
y,y,y,y,y,Het Beste Van Quebec En Platteland Met Lunch,https://www.hollandamerica.com/nl_NL/shore-excursions/1010056/best-of-quebec-countryside-with-lunch.html
n,y,y,n,y,Het Beste Van De Gouden Circel: Avondeditie,https://www.hollandamerica.com/nl_NL/shore-excursions/1010061/best-of-the-golden-circle-evening-edition.html
n,y,y,n,y,"Het Beste Van De Gouden Circel: Thingvellir, Gullfoss & Geysir",https://www.hollandamerica.com/nl_NL/shore-excursions/1010061/best-of-the-golden-circle-thingvellir-gullfoss-geysir.html
y,y,y,y,y,Het Beste Van Twee Werelden,https://www.hollandamerica.com/nl_NL/shore-excursions/1010056/best-of-both-worlds.html
y,y,y,y,y,Het Hart Van Historisch Halifax,https://www.hollandamerica.com/nl_NL/shore-excursions/1010056/the-heart-of-historic-halifax.html
n,y,y,y,y,Het Hart Van Historisch Halifax (Begeleid In Het Spaans),https://www.hollandamerica.com/nl_NL/shore-excursions/1010066/the-heart-of-historic-halifax-guided-in-spanish.html
n,y,y,y,y,Het Historische Charlottetown In Een Paardenkoets,https://www.hollandamerica.com/nl_NL/shore-excursions/1010056/historic-charlottetown-by-horse-drawn-trolley.html
n,y,y,n,y,Het Is Een Vikingding,https://www.hollandamerica.com/nl_NL/shore-excursions/1010061/it-s-a-viking-thing.html
n,y,y,n,y,Het Leven En De Cultuur Van Isafjordur,https://www.hollandamerica.com/nl_NL/shore-excursions/1010061/life-culture-of-isafjordur.html
n,n,n,y,n,"Over ons

",https://www.hollandamerica.com/nl_NL/shore-excursions/1010056/life-of-a-coal-miner.html
n,y,y,y,y,Het Oude En Nieuwe Montreal,https://www.hollandamerica.com/nl_NL/shore-excursions/1010056/old-new-montreal.html
y,y,y,n,n,Highlights Of Costa Maya Town & Beach Break,https://www.hollandamerica.com/nl_NL/shore-excursions/1010059/highlights-of-costa-maya-town-beach-break.html
n,y,y,y,n,Historic & Modern Quebec,https://www.hollandamerica.com/nl_NL/shore-excursions/1010066/historic-modern-quebec.html
y,y,y,y,n,Historic Tampa & Airport Transfer,https://www.hollandamerica.com/nl_NL/shore-excursions/1010059/historic-tampa-airport-transfer.html
y,y,y,y,n,Historic Tampa & Airport Transfer (Wheelchair Accessible),https://www.hollandamerica.com/nl_NL/shore-excursions/1010059/historic-tampa-airport-transfer-wheelchair-accessible.html
y,y,y,y,n,Historic Tampa - Intransit,https://www.hollandamerica.com/nl_NL/shore-excursions/1010059/historic-tampa-intransit.html
y,y,y,y,n,Historic Tampa - Intransit (Wheelchair Accessible),https://www.hollandamerica.com/nl_NL/shore-excursions/1010059/historic-tampa-intransit-wheelchair-accessible.html
y,y,y,y,y,Historisch Boston En Cambridge,https://www.hollandamerica.com/nl_NL/shore-excursions/1010056/historic-boston-cambridge.html
y,y,y,y,y,Historisch Lunenburg: UNESCO Plaatste Deze Op De Werelderfgoedlijst.,https://www.hollandamerica.com/nl_NL/shore-excursions/1010056/historical-lunenburg-a-unesco-world-heritage-site.html
n,y,y,y,y,Historisch Salem En Heksenmuseum,https://www.hollandamerica.com/nl_NL/shore-excursions/1010056/historic-salem-witch-museum.html
y,y,y,y,y,Historische Sites Van UNESCO,https://www.hollandamerica.com/nl_NL/shore-excursions/1010056/unesco-historic-sites.html
n,y,y,y,y,Historische Vuurtorens En Nationaal Park Acadia Over Zee,https://www.hollandamerica.com/nl_NL/shore-excursions/1010056/historic-lighthouses-acadia-national-park-by-sea.html
y,y,y,y,n,History & Legends,https://www.hollandamerica.com/nl_NL/shore-excursions/1010059/history-legends.html
n,y,y,y,y,"Hoogtepunten Portland, Fort Williams En Vuurtoren",https://www.hollandamerica.com/nl_NL/shore-excursions/1010067/portland-highlights-fort-williams-lighthouse.html
n,y,y,y,y,"Hoogtepunten Portland, Fort Williams En Vuurtoren (Rolstoeltoegankelijk)",https://www.hollandamerica.com/nl_NL/shore-excursions/1010067/portland-highlights-fort-williams-lighthouse-wheelchair-accessible.html
n,y,y,y,y,Hoogtepunten Van Corner Brook,https://www.hollandamerica.com/nl_NL/shore-excursions/1010066/corner-brook-highlights.html
n,y,y,y,y,Hoogtepunten Van Portland Highlights En Victoria Mansion,https://www.hollandamerica.com/nl_NL/shore-excursions/1010067/portland-highlights-victoria-mansion.html
n,y,y,y,y,Hoogtepunten Van Portland En Schoeneravontuur,https://www.hollandamerica.com/nl_NL/shore-excursions/1010067/portland-highlights-schooner-adventure.html
n,y,y,n,y,Hoogtepunten Van Reykjavik,https://www.hollandamerica.com/nl_NL/shore-excursions/1010061/reykjavik-highlights.html
n,y,y,y,y,Hoogtepunten Van Sydney,https://www.hollandamerica.com/nl_NL/shore-excursions/1010056/sydney-highlights.html
n,y,y,y,y,"Hop-On, Hop-Off Baddeck",https://www.hollandamerica.com/nl_NL/shore-excursions/1010056/hop-on-hop-off-baddeck.html
y,y,y,y,y,"Hop-On, Hop-Off Halifax Met Toegang Tot Het Maritime Museum",https://www.hollandamerica.com/nl_NL/shore-excursions/1010056/hop-on-hop-off-halifax-with-admission-to-the-maritime-museum.html
n,y,y,n,y,IJsland Voor De Perfecte Foto's,https://www.hollandamerica.com/nl_NL/shore-excursions/1010061/picture-perfect-iceland.html
y,y,y,y,y,"Iconische Steden Van Nova Scotia: Peggy's Cove, Lunenburg, Mahone Bay",https://www.hollandamerica.com/nl_NL/shore-excursions/1010056/iconic-towns-of-nova-scotia-peggy-s-cove-lunenburg-mahone-bay.html
n,y,y,y,y,In De Voetstappen Van Kapitein Cook,https://www.hollandamerica.com/nl_NL/shore-excursions/1010066/in-the-footsteps-of-captain-cook.html
n,y,y,n,y,In Het Onbekende Blauwe Water: Snorkelen In Kloven,https://www.hollandamerica.com/nl_NL/shore-excursions/1010061/into-the-blue-fissure-snorkeling.html
n,y,y,y,y,In- En Uitstappen In Halifax,https://www.hollandamerica.com/nl_NL/shore-excursions/1010056/hop-on-hop-off-halifax.html
y,y,y,y,y,Int- En Uitstappen Waar U Wilt In New York,https://www.hollandamerica.com/nl_NL/shore-excursions/1010056/hop-on-hop-off-new-york.html
n,y,y,n,n,"Jaguar Bus, Bike, Cenote, Paddle & Beach BBQ",https://www.hollandamerica.com/nl_NL/shore-excursions/1010059/jaguar-bus-bike-cenote-paddle-beach-bbq.html
n,y,y,y,y,Kajakken Bij De Manatee Cove,https://www.hollandamerica.com/nl_NL/shore-excursions/1010060/kayaking-at-manatee-cove.html
n,y,y,y,n,Kayak Frenchman Bay,https://www.hollandamerica.com/nl_NL/shore-excursions/1010066/kayak-frenchman-bay.html
n,y,y,y,y,Kennebunkport,https://www.hollandamerica.com/nl_NL/shore-excursions/1010067/kennebunkport.html
n,y,y,y,y,Kennebunkport En Pittoreske Rondvaart,https://www.hollandamerica.com/nl_NL/shore-excursions/1010067/kennebunkport-scenic-cruise.html
y,y,y,y,y,Kennedy Space Center,https://www.hollandamerica.com/nl_NL/shore-excursions/1010060/kennedy-space-center.html
y,y,y,y,y,Kennedy Space Center (Toegankelijk Voor Rolstoelen),https://www.hollandamerica.com/nl_NL/shore-excursions/1010060/kennedy-space-center-wheelchair-accessible.html
y,y,y,y,n,Key West Helicopter Adventure,https://www.hollandamerica.com/nl_NL/shore-excursions/1010059/key-west-helicopter-adventure.html
y,y,y,y,n,Key West Nature Kayak,https://www.hollandamerica.com/nl_NL/shore-excursions/1010059/key-west-nature-kayak.html
y,y,y,y,n,Key West Pub Crawl,https://www.hollandamerica.com/nl_NL/shore-excursions/1010059/key-west-pub-crawl.html
y,y,y,y,n,Key West By Bicycle,https://www.hollandamerica.com/nl_NL/shore-excursions/1010059/key-west-by-bicycle.html
y,y,y,y,n,Key West By Land & Sea,https://www.hollandamerica.com/nl_NL/shore-excursions/1010059/key-west-by-land-sea.html
y,y,y,y,y,Kickin' Ceilidh: Een Nova Scotia Keukenfeest,https://www.hollandamerica.com/nl_NL/shore-excursions/1010056/kickin-ceilidh-a-nova-scotia-kitchen-party.html
n,y,y,n,y,Kom Op Naar De Vulkaan!,https://www.hollandamerica.com/nl_NL/shore-excursions/1010061/let-s-go-volcano-.html
n,n,n,y,n,"Over ons

",https://www.hollandamerica.com/nl_NL/shore-excursions/1010056/lobsters-lighthouses-by-boat.html
n,y,y,y,y,Kreeftenfeest En Demonstratie In Stewman's Lobster Pound: In Samenwerking Met Food & Wine Magazine,https://www.hollandamerica.com/nl_NL/shore-excursions/1010063/lobster-bake-demo-at-stewman-s-lobster-pound-in-partnership-with-food-wine-magazine.html
y,y,y,n,y,Kunst En Ziel Van Havana,https://www.hollandamerica.com/nl_NL/shore-excursions/1010059/art-soul-of-havana.html
n,y,y,n,y,L'Anse Aux Meadows: Een Vikingervaring,https://www.hollandamerica.com/nl_NL/shore-excursions/1010067/l-anse-aux-meadows-a-viking-experience.html
y,y,y,n,y,La Casa En La Playa: Een Select Retreat,https://www.hollandamerica.com/nl_NL/shore-excursions/1010059/la-casa-en-la-playa-a-select-retreat.html
n,y,y,y,y,La Fabuleuse Cultural Show,https://www.hollandamerica.com/nl_NL/shore-excursions/1010056/la-fabuleuse-cultural-show.html
n,n,n,n,n,"Over ons

",https://www.hollandamerica.com/nl_NL/shore-excursions/1010066/labrador-coastal-drive-with-lunch.html
y,y,y,y,n,Land & Sea Excursion,https://www.hollandamerica.com/nl_NL/shore-excursions/1010059/land-sea-excursion.html
y,y,y,y,n,Land & Sea Excursion & Transfer To Ft Lauderdale Airport,https://www.hollandamerica.com/nl_NL/shore-excursions/1010059/land-sea-excursion-transfer-to-ft-lauderdale-airport.html
y,y,y,y,n,Land & Sea Excursion & Transfer To Ft. Lauderdale Airport (Wheelchair Accessible),https://www.hollandamerica.com/nl_NL/shore-excursions/1010059/land-sea-excursion-transfer-to-ft-lauderdale-airport-wheelchair-accessible.html
y,y,y,y,n,Land & Sea Excursion & Transfer To Miami Airport,https://www.hollandamerica.com/nl_NL/shore-excursions/1010059/land-sea-excursion-transfer-to-miami-airport.html
y,y,y,y,n,Land & Sea Excursion & Transfer To Miami Airport (Wheelchair Accessible),https://www.hollandamerica.com/nl_NL/shore-excursions/1010059/land-sea-excursion-transfer-to-miami-airport-wheelchair-accessible.html
y,y,y,y,n,Land & Sea Excursion (Wheelchair Accessible),https://www.hollandamerica.com/nl_NL/shore-excursions/1010059/land-sea-excursion-wheelchair-accessible.html
n,y,y,y,y,Landschappen Van Quebec Met Luchthaventransfer,https://www.hollandamerica.com/nl_NL/shore-excursions/1010056/landscapes-of-quebec-with-airport-transfer.html
y,y,y,y,y,Lexington En Concord,https://www.hollandamerica.com/nl_NL/shore-excursions/1010056/lexington-concord.html
y,y,y,y,y,Lol Met Valken,https://www.hollandamerica.com/nl_NL/shore-excursions/1010056/fun-with-falcons.html
y,y,y,n,n,Lost Mayan Kingdom Adventure Park,https://www.hollandamerica.com/nl_NL/shore-excursions/1010059/lost-mayan-kingdom-adventure-park.html
n,n,n,y,n,"Over ons

",https://www.hollandamerica.com/nl_NL/shore-excursions/1010056/lower-manhattan-9-11-memorial.html
n,y,y,y,n,Lower Manhattan Sightseeing & Transfer To JFK Airport,https://www.hollandamerica.com/nl_NL/shore-excursions/1010067/lower-manhattan-sightseeing-transfer-to-jfk-airport.html
n,y,y,y,n,Lower Manhattan Sightseeing & Transfer To JFK Airport (Wheelchair Accessible),https://www.hollandamerica.com/nl_NL/shore-excursions/1010067/lower-manhattan-sightseeing-transfer-to-jfk-airport-wheelchair-accessible.html
n,y,y,y,n,Lower Manhattan Sightseeing & Transfer To La Guardia Airport,https://www.hollandamerica.com/nl_NL/shore-excursions/1010067/lower-manhattan-sightseeing-transfer-to-la-guardia-airport.html
n,y,y,y,n,Lower Manhattan Sightseeing & Transfer To La Guardia Airport (Wheelchair Accessible),https://www.hollandamerica.com/nl_NL/shore-excursions/1010067/lower-manhattan-sightseeing-transfer-to-la-guardia-airport-wheelchair-accessible.html
n,y,y,y,n,Lower Manhattan Sightseeing & Transfer To Newark Airport,https://www.hollandamerica.com/nl_NL/shore-excursions/1010067/lower-manhattan-sightseeing-transfer-to-newark-airport.html
n,y,y,y,n,Lower Manhattan Sightseeing & Transfer To Newark Airport (Wheelchair Accessible),https://www.hollandamerica.com/nl_NL/shore-excursions/1010067/lower-manhattan-sightseeing-transfer-to-newark-airport-wheelchair-accessible.html
n,y,y,y,y,Lulu Lobster-Boottocht,https://www.hollandamerica.com/nl_NL/shore-excursions/1010056/lulu-lobster-boat-ride.html
n,y,y,n,y,Maanlandschappen,https://www.hollandamerica.com/nl_NL/shore-excursions/1010061/lunar-landscapes.html
n,y,y,y,y,Magnolia Tuinen En Plantage,https://www.hollandamerica.com/nl_NL/shore-excursions/1010056/magnolia-gardens-plantation.html
n,y,y,n,y,Maya-Ruïnes Chacchoben En Blauwe Lagune,https://www.hollandamerica.com/nl_NL/shore-excursions/1010066/chacchoben-mayan-ruins-blue-lagoon.html
y,y,y,n,n,Mayan Cacao & Island Discovery,https://www.hollandamerica.com/nl_NL/shore-excursions/1010059/mayan-cacao-island-discovery.html
y,y,y,n,n,Mayan Culture Experience,https://www.hollandamerica.com/nl_NL/shore-excursions/1010059/mayan-culture-experience.html
n,y,y,n,y,"Met Nederlandse Begeleiding: Het Beste Van De Gouden Circel: Thingvellir, Gullfoss & Geysir",https://www.hollandamerica.com/nl_NL/shore-excursions/1010061/dutch-guided-best-of-the-golden-circle-thingvellir-gullfoss-geysir.html
n,y,y,n,y,Met Nederlandse Begeleiding: Sieraden Van Het Noorden,https://www.hollandamerica.com/nl_NL/shore-excursions/1010061/dutch-guided-jewels-of-the-north.html
y,y,y,n,n,Mexican Cuisine Workshop & Tasting,https://www.hollandamerica.com/nl_NL/shore-excursions/1010059/mexican-cuisine-workshop-tasting.html
y,y,y,n,y,Modern Havana En Amerikaanse Oldtimers,https://www.hollandamerica.com/nl_NL/shore-excursions/1010059/modern-havana-american-classic-cars.html
n,y,y,n,y,Momentopname: Parels Van De North Express,https://www.hollandamerica.com/nl_NL/shore-excursions/1010061/snapshot-jewels-of-the-north-express.html
y,y,y,y,y,Montmorency-Watervallen En Het Eiland Orleans,https://www.hollandamerica.com/nl_NL/shore-excursions/1010056/montmorency-falls-the-island-of-orleans.html
n,y,y,y,y,Moosehead-Brouwerij,https://www.hollandamerica.com/nl_NL/shore-excursions/1010066/moosehead-brewery.html
n,y,y,n,n,Mystic River And Paradise Lagoon Adventures,https://www.hollandamerica.com/nl_NL/shore-excursions/1010066/mystic-river-and-paradise-lagoon-adventures.html
n,y,y,n,y,Myvatn Natuurbaden,https://www.hollandamerica.com/nl_NL/shore-excursions/1010061/myvatn-nature-baths.html
y,y,y,y,y,Nationaal Park Acadia,https://www.hollandamerica.com/nl_NL/shore-excursions/1010056/acadia-national-park.html
n,n,n,y,n,"Over ons

",https://www.hollandamerica.com/nl_NL/shore-excursions/1010056/acadia-national-park-lobster-bake.html
n,y,y,y,n,Newport Cliff Walk & 'The Breakers',https://www.hollandamerica.com/nl_NL/shore-excursions/1010067/newport-cliff-walk-the-breakers-.html
n,y,y,y,n,Newport's America Cup Sailing Experience,https://www.hollandamerica.com/nl_NL/shore-excursions/1010067/newport-s-america-cup-sailing-experience.html
n,y,y,n,y,Northland-Ontdekking Per Boot,https://www.hollandamerica.com/nl_NL/shore-excursions/1010066/northland-discovery-by-boat.html
n,y,y,y,y,"Oh Canada, Hè? (Een Tour Met Kleine Groepen)",https://www.hollandamerica.com/nl_NL/shore-excursions/1010056/o-canada-eh-a-small-group-tour.html
n,y,y,y,y,"Old Quebec, Montmorency Falls & Chez Muffy: In Samenwerking Met Food & Wine Magazine",https://www.hollandamerica.com/nl_NL/shore-excursions/1010063/old-quebec-montmorency-falls-chez-muffy-in-partnership-with-food-wine-magazine.html
n,y,y,n,y,Old St. John's En Cape Spear,https://www.hollandamerica.com/nl_NL/shore-excursions/1010066/old-st-john-s-cape-spear.html
y,y,y,n,y,Ontdek Eenvoudig Mexico En De Acrobaten Van Papantla (Rolstoeltoegankelijk),https://www.hollandamerica.com/nl_NL/shore-excursions/1010061/easy-discover-mexico-papantla-flyers-wheelchair-accessible.html
n,y,y,y,y,Ontdek De Geheimen Van Het Fjord,https://www.hollandamerica.com/nl_NL/shore-excursions/1010056/discover-the-fjord-secrets.html
y,y,y,y,y,Ontdek Het Unieke Historische District Van Charleston,https://www.hollandamerica.com/nl_NL/shore-excursions/1010056/discover-charleston-s-unique-historic-district.html
y,y,y,y,y,Ontdek Het Unieke Historische District Van Charleston (Toegankelijk Voor Rolstoelen),https://www.hollandamerica.com/nl_NL/shore-excursions/1010056/discover-charleston-s-unique-historic-district-wheelchair-accessible.html
n,y,y,y,y,Oud En Nieuw Montreal Met Luchthaventransfer,https://www.hollandamerica.com/nl_NL/shore-excursions/1010056/old-new-montreal-with-airport-transfer.html
n,y,y,y,y,"PEI-Kust, Vuurtoren En Kelder",https://www.hollandamerica.com/nl_NL/shore-excursions/1010056/pei-coast-lighthouse-cellar.html
n,y,y,y,y,PEI: Top 10,https://www.hollandamerica.com/nl_NL/shore-excursions/1010056/pei-top-10.html
n,y,y,y,y,Paardentram,https://www.hollandamerica.com/nl_NL/shore-excursions/1010067/horse-drawn-trolley.html
n,y,y,n,y,Paardrijden In IJsland,https://www.hollandamerica.com/nl_NL/shore-excursions/1010061/iceland-on-horseback.html
y,y,y,y,n,Paddleboard Adventure,https://www.hollandamerica.com/nl_NL/shore-excursions/1010059/paddleboard-adventure.html
n,y,y,y,n,Panoramic Newport,https://www.hollandamerica.com/nl_NL/shore-excursions/1010067/panoramic-newport.html
n,y,y,y,n,Panoramic Newport (Wheelchair Accessible),https://www.hollandamerica.com/nl_NL/shore-excursions/1010067/panoramic-newport-wheelchair-accessible.html
y,y,y,y,y,Panoramisch Bar Harbor En Nationaal Park Acadia,https://www.hollandamerica.com/nl_NL/shore-excursions/1010056/panoramic-bar-harbor-acadia-national-park.html
y,y,y,n,y,Panoramisch Havana En Habana Compas Dance Company,https://www.hollandamerica.com/nl_NL/shore-excursions/1010059/panoramic-havana-habana-compas-dance-company.html
n,y,y,n,y,Panoramisch Havana En Quisicuaba-Gemeenschapsproject,https://www.hollandamerica.com/nl_NL/shore-excursions/1010065/panoramic-havana-quisicuaba-community-project.html
n,y,y,y,y,Panoramische Eilandtocht,https://www.hollandamerica.com/nl_NL/shore-excursions/1010056/panoramic-island-drive.html
y,y,y,y,y,Panoramische Hoogtepunten Van New York,https://www.hollandamerica.com/nl_NL/shore-excursions/1010056/panoramic-new-york-highlights.html
y,y,y,y,y,Panoramische Hoogtepunten Van New York (Toegankelijk Voor Rolstoelen),https://www.hollandamerica.com/nl_NL/shore-excursions/1010056/panoramic-new-york-highlights-wheelchair-accessible.html
y,y,y,n,y,Parisien Cabaret In Hotel Nacional,https://www.hollandamerica.com/nl_NL/shore-excursions/1010059/parisien-cabaret-at-hotel-nacional.html
y,y,y,y,y,Peggy's Cove,https://www.hollandamerica.com/nl_NL/shore-excursions/1010056/peggy-s-cove.html
y,y,y,y,y,"Peggy's Cove En Hop-On, Hop-Off Dubbeldekkercombinatie",https://www.hollandamerica.com/nl_NL/shore-excursions/1010056/peggy-s-cove-hop-on-hop-off-double-decker-combo.html
n,y,y,y,y,Peggy's Cove Op Eigen Gelegenheid: Uitgebreid Bezoek,https://www.hollandamerica.com/nl_NL/shore-excursions/1010056/peggy-s-cove-on-your-own-extended-visit.html
n,y,y,n,y,Piep Binnen!,https://www.hollandamerica.com/nl_NL/shore-excursions/1010066/screech-in-.html
y,y,y,y,y,Pittoresk Boston,https://www.hollandamerica.com/nl_NL/shore-excursions/1010056/scenic-boston.html
n,y,y,y,y,Pittoresk Boston (Toegankelijk Met Een Rolstoel),https://www.hollandamerica.com/nl_NL/shore-excursions/1010066/scenic-boston-wheelchair-accessible.html
n,y,y,y,y,Pittoresk Boston En Havencruise,https://www.hollandamerica.com/nl_NL/shore-excursions/1010056/scenic-boston-harbor-cruise.html
n,y,y,n,y,Poolvossen En Lawines,https://www.hollandamerica.com/nl_NL/shore-excursions/1010061/arctic-foxes-avalanches.html
y,y,y,y,n,President Truman's Key West & Old Town Trolley,https://www.hollandamerica.com/nl_NL/shore-excursions/1010059/president-truman-s-key-west-old-town-trolley.html
y,y,y,y,n,President Truman's Key West & Old Trolley (Wheelchair Accessible),https://www.hollandamerica.com/nl_NL/shore-excursions/1010059/president-truman-s-key-west-old-trolley-wheelchair-accessible.html
y,y,y,y,y,Privé-SUV - Halve Dag,https://www.hollandamerica.com/nl_NL/shore-excursions/1010047/private-suv-half-day.html
y,y,y,y,y,Privé-Auto - Volledige Dag,https://www.hollandamerica.com/nl_NL/shore-excursions/1010047/private-car-full-day.html
y,y,y,y,y,Privéauto - Halve Dag,https://www.hollandamerica.com/nl_NL/shore-excursions/1010047/private-car-half-day.html
y,y,y,y,y,Privéauto - Halve Dag,https://www.hollandamerica.com/nl_NL/shore-excursions/1010048/private-car-half-day.html
y,y,y,y,y,Privélimousine - Halve Dag,https://www.hollandamerica.com/nl_NL/shore-excursions/1010048/private-limo-half-day.html
y,y,y,y,y,Privéminibus - Hele Dag,https://www.hollandamerica.com/nl_NL/shore-excursions/1010047/private-van-full-day.html
y,y,y,y,y,Privéminibus - Halve Dag,https://www.hollandamerica.com/nl_NL/shore-excursions/1010047/private-van-half-day.html
y,y,y,y,y,Privéminibus - Halve Dag,https://www.hollandamerica.com/nl_NL/shore-excursions/1010048/private-van-half-day.html
y,y,y,y,y,Privéterreinwagen - Volledige Dag,https://www.hollandamerica.com/nl_NL/shore-excursions/1010047/private-suv-full-day.html
y,y,y,n,y,Privétour In Akureyri - Halve Dag (Minibus),https://www.hollandamerica.com/nl_NL/shore-excursions/1010053/akureyri-private-touring-half-day-minivan.html
y,y,y,n,y,Privétour In Akureyri - Volledige Dag (Minibusje),https://www.hollandamerica.com/nl_NL/shore-excursions/1010053/akureyri-private-touring-full-day-minivan.html
y,y,y,y,y,Proef Cabot Trail,https://www.hollandamerica.com/nl_NL/shore-excursions/1010056/a-taste-of-the-cabot-trail.html
n,y,y,y,y,Proeven In Charlottetown: Culinaire Wandeling,https://www.hollandamerica.com/nl_NL/shore-excursions/1010056/a-taste-of-charlottetown-culinary-walk.html
n,y,y,y,y,Proeven Van Halifax,https://www.hollandamerica.com/nl_NL/shore-excursions/1010056/a-taste-of-halifax.html
n,y,y,y,n,Quebec City By Helicopter,https://www.hollandamerica.com/nl_NL/shore-excursions/1010066/quebec-city-by-helicopter.html
n,y,y,n,y,Reykjavik 64 Degree Distilleerderij: In Samenwerking Met Food & Wine Magazine,https://www.hollandamerica.com/nl_NL/shore-excursions/1010061/reykjavik-64-degree-distillery-in-partnership-with-food-wine-magazine.html
y,y,y,y,y,Rondrit Over Het Eiland & Anne Of Green Gables (Anne Van Het Groene Huis),https://www.hollandamerica.com/nl_NL/shore-excursions/1010056/island-drive-anne-of-green-gables.html
n,y,y,y,n,Rose Island Lighthouse & Harbor Cruise,https://www.hollandamerica.com/nl_NL/shore-excursions/1010067/rose-island-lighthouse-harbor-cruise.html
n,y,y,n,y,Rustig Kayakken In Het Fjord,https://www.hollandamerica.com/nl_NL/shore-excursions/1010061/calm-fjord-kayaking.html
y,y,y,y,y,Saguenay & De Erfgoedroute,https://www.hollandamerica.com/nl_NL/shore-excursions/1010056/saguenay-the-heritage-route.html
n,n,n,y,n,"Over ons

",https://www.hollandamerica.com/nl_NL/shore-excursions/1010063/saguenay-microbrewery-vineyard-experience.html
y,y,y,y,y,Saguenay En Val-Jalbert,https://www.hollandamerica.com/nl_NL/shore-excursions/1010056/saguenay-val-jalbert.html
y,y,y,n,n,San Gervasio Archaeological Site & Beach,https://www.hollandamerica.com/nl_NL/shore-excursions/1010059/san-gervasio-archaeological-site-beach.html
n,y,y,n,y,Santana-Wandeltocht,https://www.hollandamerica.com/nl_NL/shore-excursions/1010066/santana-trail-hike.html
n,y,y,y,n,Scenic Boston With Airport Transfer,https://www.hollandamerica.com/nl_NL/shore-excursions/1010066/scenic-boston-with-airport-transfer.html
n,y,y,y,n,Scenic Boston With Airport Transfer (Wheelchair Accessible),https://www.hollandamerica.com/nl_NL/shore-excursions/1010066/scenic-boston-with-airport-transfer-wheelchair-accessible.html
y,y,y,n,n,"Scoot Coupe, Beach & Shopping (Sold Per Vehicle)",https://www.hollandamerica.com/nl_NL/shore-excursions/1010059/scoot-coupe-beach-shopping-sold-per-vehicle.html
y,y,y,n,n,Seaside Chocolate Workshop & Wine Pairing,https://www.hollandamerica.com/nl_NL/shore-excursions/1010059/seaside-chocolate-workshop-wine-pairing.html
y,y,y,n,n,Segway Adventure & Beach Break,https://www.hollandamerica.com/nl_NL/shore-excursions/1010059/segway-adventure-beach-break.html
n,y,y,n,y,Sieraden Van Het Noorden,https://www.hollandamerica.com/nl_NL/shore-excursions/1010061/jewels-of-the-north.html
y,y,y,n,y,Smaken En Tradities Van Havana,https://www.hollandamerica.com/nl_NL/shore-excursions/1010059/flavors-traditions-of-havana.html
y,y,y,n,n,Snuba Adventure,https://www.hollandamerica.com/nl_NL/shore-excursions/1010060/snuba-adventure.html
y,y,y,n,n,Spectacular Snorkel & Chankanaab National Park,https://www.hollandamerica.com/nl_NL/shore-excursions/1010059/spectacular-snorkel-chankanaab-national-park.html
y,y,y,y,y,Spookachtig Oud Sydney: Een Griezelige Wandeltocht,https://www.hollandamerica.com/nl_NL/shore-excursions/1010056/haunted-historic-sydney-a-wicked-walking-tour.html
n,y,y,y,y,St Martins En De Baai Van Fundy,https://www.hollandamerica.com/nl_NL/shore-excursions/1010066/st-martins-the-bay-of-fundy.html
y,y,y,n,y,"Staand Peddelen Op Een Surfboard, Snorkelen En Strand",https://www.hollandamerica.com/nl_NL/shore-excursions/1010059/stand-up-paddle-board-snorkel-beach.html
y,y,y,n,y,Stadswandeling En Proeverij In Qaqortoq,https://www.hollandamerica.com/nl_NL/shore-excursions/1010063/city-walk-a-taste-of-qaqortoq.html
y,y,y,n,y,"Stadswandeling, Proeverij En Looierij Qaqortoq",https://www.hollandamerica.com/nl_NL/shore-excursions/1010063/qaqortoq-city-walk-tasting-tannery.html
n,y,y,y,y,Stap In En Uit Waar U Wilt Met De Trolleybus,https://www.hollandamerica.com/nl_NL/shore-excursions/1010067/hop-on-hop-off-trolley.html
n,y,y,y,y,Ste-Anne Kloof En Wijnhuis,https://www.hollandamerica.com/nl_NL/shore-excursions/1010056/ste-anne-canyon-winery.html
y,y,y,y,y,Ste-Anne-De-Beaupre En Montmorencywatervallen,https://www.hollandamerica.com/nl_NL/shore-excursions/1010056/ste-anne-de-beaupre-montmorency-falls.html
y,y,y,n,n,"Stingray Encounter, Snorkeling & Beach Club",https://www.hollandamerica.com/nl_NL/shore-excursions/1010059/stingray-encounter-snorkeling-beach-club.html
y,y,y,n,y,"Stranduitje Naar Passion Island, Lunch En Schilderachtige Cruise",https://www.hollandamerica.com/nl_NL/shore-excursions/1010061/passion-island-beach-break-lunch-scenic-cruise.html
n,y,y,n,y,Sudureyri: Een Voorproefje Van De Westfjorden,https://www.hollandamerica.com/nl_NL/shore-excursions/1010061/sudureyri-a-taste-of-the-westfjords.html
n,y,y,y,y,Sunset Cruise En Skywalk,https://www.hollandamerica.com/nl_NL/shore-excursions/1010066/sunset-cruise-skywalk.html
n,y,y,n,y,Surf & Turf In Isafjordur,https://www.hollandamerica.com/nl_NL/shore-excursions/1010061/surf-turf-in-isafjordur.html
n,n,n,y,n,"Over ons

",https://www.hollandamerica.com/nl_NL/shore-excursions/1010056/sydney-harbour-hopper.html
n,n,n,y,n,"Over ons

",https://www.hollandamerica.com/nl_NL/shore-excursions/1010066/gros-morne-park-tablelands-discovery-center-walk.html
n,y,y,n,y,Talloze Kraters Per Helikopter,https://www.hollandamerica.com/nl_NL/shore-excursions/1010061/countless-craters-by-helicopter.html
n,y,y,y,y,The Craftsman Road,https://www.hollandamerica.com/nl_NL/shore-excursions/1010056/the-craftsman-road.html
n,y,y,y,n,The First Nation Of Wendake,https://www.hollandamerica.com/nl_NL/shore-excursions/1010066/the-first-nation-of-wendake.html
n,y,y,y,n,The Ghosts Of Old Quebec,https://www.hollandamerica.com/nl_NL/shore-excursions/1010066/the-ghosts-of-old-quebec.html
n,y,y,y,n,"The Island's Finest: Anne, Lobster & Scenic Drive",https://www.hollandamerica.com/nl_NL/shore-excursions/1010066/the-island-s-finest-anne-lobster-scenic-drive.html
y,y,y,n,n,The Original Tequila Experience By Jose Cuervo,https://www.hollandamerica.com/nl_NL/shore-excursions/1010059/the-original-tequila-experience-by-jose-cuervo.html
y,y,y,y,y,The Seafood Chef (Een Tour Met Kleine Groepen),https://www.hollandamerica.com/nl_NL/shore-excursions/1010056/the-seafood-chef-a-small-group-tour.html
n,y,y,y,n,The Vanderbilts' Newport,https://www.hollandamerica.com/nl_NL/shore-excursions/1010067/the-vanderbilts-newport.html
n,y,y,n,y,Theehuisroute,https://www.hollandamerica.com/nl_NL/shore-excursions/1010066/teahouse-trail.html
n,y,y,y,y,"Top Tien: Saint John, St Martin En Baai Van Fundy",https://www.hollandamerica.com/nl_NL/shore-excursions/1010066/top-ten-saint-john-st-martin-bay-of-fundy.html
n,y,y,y,n,Tour Van Martha’s Vineyard Island,https://www.hollandamerica.com/nl_NL/shore-excursions/1010067/martha-s-vineyard-island-tour.html
n,y,y,y,y,Trammetje 'Round Saint John',https://www.hollandamerica.com/nl_NL/shore-excursions/1010066/trolley-round-saint-john.html
n,y,y,n,y,Trektocht Langs De Kust,https://www.hollandamerica.com/nl_NL/shore-excursions/1010066/coastal-hike.html
n,y,y,y,y,Trektocht Naar Uisage Ban Falls,https://www.hollandamerica.com/nl_NL/shore-excursions/1010056/hike-to-uisage-ban-falls.html
y,y,y,n,y,Tropicana Cabaret: Rhythms Of The Night (Premium Zitplaatsen),https://www.hollandamerica.com/nl_NL/shore-excursions/1010061/tropicana-cabaret-rhythms-of-the-night-premium-seating.html
y,y,y,n,y,Tropicana Cabaret: Rhythms Of The Night (Zitplaatsen Op Middelhoogte),https://www.hollandamerica.com/nl_NL/shore-excursions/1010059/tropicana-cabaret-rhythms-of-the-night-mid-level-seating.html
n,y,y,n,y,True Connection Dolfijnenervaring,https://www.hollandamerica.com/nl_NL/shore-excursions/1010066/true-connection-dolphin-experience.html
y,y,y,n,n,Tulum Mayan Ruins & Beach Break,https://www.hollandamerica.com/nl_NL/shore-excursions/1010059/tulum-mayan-ruins-beach-break.html
y,y,y,n,n,Tulum Mayan Ruins Express,https://www.hollandamerica.com/nl_NL/shore-excursions/1010059/tulum-mayan-ruins-express.html
y,y,y,n,n,Two-Tank Certified Dive,https://www.hollandamerica.com/nl_NL/shore-excursions/1010060/two-tank-certified-dive.html
n,n,n,y,n,"Over ons

",https://www.hollandamerica.com/nl_NL/shore-excursions/1010056/peggy-s-cove-extended-visit-lunch.html
n,y,y,y,y,Ultieme Anne Of Green Gables Ervaring,https://www.hollandamerica.com/nl_NL/shore-excursions/1010056/ultimate-anne-of-green-gables-experience.html
n,y,y,n,y,Ultieme Vlucht Over Het Meer Myvatn,https://www.hollandamerica.com/nl_NL/shore-excursions/1010061/lake-myvatn-ultimate-flight.html
n,y,y,y,y,Universal Studios Orlando,https://www.hollandamerica.com/nl_NL/shore-excursions/1010060/universal-studios-orlando.html
y,y,y,n,n,VIP Luxury Champagne Catamaran Sail & Snorkel,https://www.hollandamerica.com/nl_NL/shore-excursions/1010059/vip-luxury-champagne-catamaran-sail-snorkel.html
n,y,y,y,y,Verken De Bodem Van De Oceaan,https://www.hollandamerica.com/nl_NL/shore-excursions/1010065/explore-the-ocean-floor.html
y,y,y,y,y,Victoriaanse Dorpen Van Mount Desert Island,https://www.hollandamerica.com/nl_NL/shore-excursions/1010062/victorian-villages-of-mount-desert-island.html
n,y,y,n,y,Vuurtorenreis,https://www.hollandamerica.com/nl_NL/shore-excursions/1010066/lighthouse-journey.html
n,y,y,n,y,Walvis Spotten Vanaf Isafjordur Met RIB Boat (Stijve Opblaasboot),https://www.hollandamerica.com/nl_NL/shore-excursions/1010061/whale-watching-from-isafjordur-by-rib-boat.html
n,y,y,n,y,Walvissen Potten In Akureyri,https://www.hollandamerica.com/nl_NL/shore-excursions/1010061/whale-watching-from-akureyri.html
n,y,y,n,y,Walvisspotervaring,https://www.hollandamerica.com/nl_NL/shore-excursions/1010061/whale-watching-experience.html
y,y,y,y,y,Wandelen Nabij Saguenay,https://www.hollandamerica.com/nl_NL/shore-excursions/1010056/saguenay-hiking.html
n,y,y,n,y,Wandeling Door St John's,https://www.hollandamerica.com/nl_NL/shore-excursions/1010066/a-walk-through-st-john-s.html
y,y,y,n,y,Wandeltocht Door Oud Havana En Bezoek Aan Het Fort,https://www.hollandamerica.com/nl_NL/shore-excursions/1010059/old-havana-walking-tour-fortress-visit.html
y,y,y,n,y,Wandeltocht Langs De Great Lake,https://www.hollandamerica.com/nl_NL/shore-excursions/1010063/hiking-around-the-great-lake.html
y,y,y,n,n,"Waverunner, Snorkelen En Strand",https://www.hollandamerica.com/nl_NL/shore-excursions/1010059/waverunner-snorkel-beach.html
n,y,y,n,y,Weg Van Het Gebaande Pad: Cruise Naar Het Eiland Vigur Bird,https://www.hollandamerica.com/nl_NL/shore-excursions/1010061/off-the-beaten-track-cruise-to-vigur-bird-island.html
n,y,y,y,n,Whale Watching,https://www.hollandamerica.com/nl_NL/shore-excursions/1010066/whale-watching.html
n,y,y,y,y,Winkeltransfer Voor Freeport En LL Bean,https://www.hollandamerica.com/nl_NL/shore-excursions/1010067/freeport-ll-bean-shopping-transfer.html
y,y,y,y,n,World Famous Conch Train Hop-On/Hop-Off (Wheelchair Accessible),https://www.hollandamerica.com/nl_NL/shore-excursions/1010059/world-famous-conch-train-hop-on-hop-off-wheelchair-accessible.html
y,y,y,y,n,World-Famous Hop-On/Hop-Off Conch Train,https://www.hollandamerica.com/nl_NL/shore-excursions/1010059/world-famous-hop-on-hop-off-conch-train.html
y,y,y,n,n,Xcaret Park,https://www.hollandamerica.com/nl_NL/shore-excursions/1010059/xcaret-park.html
y,y,y,n,n,Xel-Ha Paradise & Tulum Mayan Ruins,https://www.hollandamerica.com/nl_NL/shore-excursions/1010059/xel-ha-paradise-tulum-mayan-ruins.html
y,y,y,n,n,Xplor Park - All-Inclusive Adventure,https://www.hollandamerica.com/nl_NL/shore-excursions/1010059/xplor-park-all-inclusive-adventure.html
y,y,y,n,y,Zee En Bezienswaardigheden Met Een Terracross Met Vierwielaandrijving En Een Speedboat,https://www.hollandamerica.com/nl_NL/shore-excursions/1010061/surf-turf-4x4-terracross-speed-boat.html
y,y,y,y,y,Zeekajakken Saguenay,https://www.hollandamerica.com/nl_NL/shore-excursions/1010056/saguenay-sea-kayaking.html
n,y,y,y,y,Zoals U Het Wilt: Nationaal Park Acadia,https://www.hollandamerica.com/nl_NL/shore-excursions/1010065/as-you-like-it-acadia-national-park.html
